Obs,experiment,year,treatment,plot,subplot_id,id,sampling,height_25,height_46,height_67
1,DN14,2014,dense,31,31001,RIL_022,unknown,8.85368247141783,44.3403678481036,42.3873566115208
2,DN14,2014,dense,31,31002,RIL_027,unknown,9.00030392482645,36.324233890899,34.9332910914777
3,DN14,2014,dense,31,31003,B100,unknown,8.60834441520631,44.9300011432655,45.7996363798492
4,DN14,2014,dense,31,31004,RIL_222,unknown,6.99757787976692,25.7479709284585,27.4432117605301
5,DN14,2014,dense,31,31005,RIL_190,unknown,5.16827753448561,24.8119293024737,25.4241484386938
6,DN14,2014,dense,31,31006,RIL_188,unknown,8.89511214959084,22.9971933344855,20.0118724718103
7,DN14,2014,dense,31,31007,RIL_183,unknown,8.6989656310637,30.9972303541971,34.3774894915782
8,DN14,2014,dense,31,31008,A10,unknown,9.76893187283426,16.6075812939169,NA
9,DN14,2014,dense,31,31009,RIL_046,unknown,6.76860057591513,25.3185140426854,24.0051847637095
10,DN14,2014,dense,31,31010,RIL_039,unknown,13.7388632819886,26.311191206542,24.5921525050946
11,DN14,2014,dense,31,31011,RIL_123,unknown,9.1809576533045,33.1150835215424,37.0837765098343
12,DN14,2014,dense,31,31012,A10,unknown,9.76893187283426,16.6075812939169,NA
13,DN14,2014,dense,31,31013,RIL_139,unknown,6.48535252963012,24.9179037495475,23.6829477192672
14,DN14,2014,dense,31,31014,RIL_086,unknown,9.47194239923937,36.1244378552329,32.8209360429028
15,DN14,2014,dense,31,31015,RIL_148,unknown,9.45231136547058,30.9850112752517,31.9138455623206
16,DN14,2014,dense,31,31016,RIL_204,unknown,6.2855319086884,23.9103744935511,25.6432543014251
17,DN14,2014,dense,31,31017,RIL_002,unknown,12.2804953885486,43.6685052185235,40.0751325441071
18,DN14,2014,dense,31,31018,RIL_040,unknown,13.3713599116737,53.1658563781497,47.5739862925294
19,DN14,2014,dense,31,31019,A10,unknown,9.76893187283426,16.6075812939169,NA
20,DN14,2014,dense,31,31020,RIL_157,unknown,11.0451576319009,33.8201241670103,NA
21,DN14,2014,dense,31,31021,B100,unknown,8.60834441520631,44.9300011432655,45.7996363798492
22,DN14,2014,dense,31,31022,RIL_102,unknown,8.58852467261056,31.0671668200887,31.4888680232812
23,DN14,2014,dense,31,31023,RIL_050,unknown,12.2866913019074,44.1149431602856,39.7016218422191
24,DN14,2014,dense,31,31024,RIL_017,unknown,11.0381567624337,40.6578773808214,41.3776186690216
25,DN14,2014,dense,31,31025,RIL_051,unknown,16.1152886107218,55.3375971683228,55.5054048994338
26,DN14,2014,dense,31,31026,RIL_074,unknown,9.36186012808188,31.6690929837772,30.7138036409611
27,DN14,2014,dense,31,31027,RIL_001,unknown,12.8631822550096,51.7586547357404,49.5619538215221
28,DN14,2014,dense,31,31028,RIL_136,unknown,9.31568477259417,27.3201665434648,27.5875445630143
29,DN14,2014,dense,31,31029,RIL_213,unknown,12.1479164891449,55.8186619015692,59.9312802712288
30,DN14,2014,dense,31,31030,RIL_047,unknown,10.1894663259864,31.5370276970658,30.4599330540788
31,DN14,2014,dense,31,31031,RIL_016,unknown,8.88986296637331,35.3879083481427,33.2755796163973
32,DN14,2014,dense,31,31032,A10,unknown,9.76893187283426,16.6075812939169,NA
33,DN14,2014,dense,31,31033,RIL_221,unknown,8.78132148150688,36.7499359391016,35.641959622428
34,DN14,2014,dense,31,31034,RIL_089,unknown,10.7540629449697,44.1916720485728,43.7316109132095
35,DN14,2014,dense,31,31035,RIL_140,unknown,10.3301406123356,37.2771899464746,38.0603759260713
36,DN14,2014,dense,31,31036,RIL_156,unknown,7.59215908034691,33.7596934517893,32.7635144280136
37,DN14,2014,dense,31,31037,RIL_189,unknown,14.500304403341,46.9707656589843,49.2495096558615
38,DN14,2014,dense,31,31038,RIL_135,unknown,7.61672635010368,26.7905578341895,25.5792197433593
39,DN14,2014,dense,31,31039,RIL_062,unknown,11.7885085057756,43.4454615192273,43.2463342210066
40,DN14,2014,dense,31,31040,RIL_044,unknown,10.8161803280491,41.2479168053176,41.3697481015036
41,DN14,2014,dense,31,31041,RIL_150,unknown,8.32336687380329,28.4567957332252,24.4462921686448
42,DN14,2014,dense,31,31042,RIL_007,unknown,10.7297767841332,32.392212917661,28.6978992090712
43,DN14,2014,dense,31,31043,RIL_076,unknown,10.4627195117392,41.8172466228739,41.5984674768072
44,DN14,2014,dense,31,31044,RIL_098,unknown,11.5635788953965,38.6353400015172,36.4353588371209
45,DN14,2014,dense,31,31045,RIL_058,unknown,9.01839417230419,43.1847271570021,38.1472751386069
46,DN14,2014,dense,31,31046,RIL_142,unknown,9.66319842184463,33.4572075359309,32.7527580221516
47,DN14,2014,dense,31,31047,RIL_090,unknown,6.06098554459114,30.2857452790697,40.5065393803984
48,DN14,2014,dense,31,31048,RIL_205,unknown,10.0804729985451,30.0325472647861,28.4633246101935
49,DN14,2014,dense,31,31049,RIL_052,unknown,9.22523353520549,41.1913899126324,40.1599168585353
50,DN14,2014,dense,31,31050,RIL_162,unknown,9.01839417230419,18.5299876878259,19.1376248193103
51,DN14,2014,dense,31,31051,RIL_117,unknown,9.00839931177197,28.3470259241172,29.6396487533522
52,DN14,2014,dense,31,31052,RIL_104,unknown,7.45768070735656,39.7629710519451,43.0636086686571
53,DN14,2014,dense,31,31053,RIL_005,unknown,6.54885521172716,23.6603769583053,16.6217484484237
54,DN14,2014,dense,31,31054,RIL_184,unknown,8.22292077588237,30.6594347639316,30.623932671747
55,DN14,2014,dense,31,31055,RIL_110,unknown,11.613801944357,37.4954898721438,33.5066935807106
56,DN14,2014,dense,31,31056,B100,unknown,8.60834441520631,44.9300011432655,45.7996363798492
57,DN14,2014,dense,31,31057,RIL_055,unknown,15.1831886214236,46.4662779905229,45.5173672793151
58,DN14,2014,dense,31,31058,RIL_171,unknown,7.83327946461698,27.0461978796181,25.216362335997
59,DN14,2014,dense,31,31059,RIL_201,unknown,14.3436880894001,61.6501531067325,55.4698771199211
60,DN14,2014,dense,31,31060,RIL_112,unknown,13.4175352671614,38.558103501892,38.9856092450447
61,DN14,2014,dense,31,31061,RIL_187,unknown,8.87582041236833,37.2795709349963,35.1033885930765
62,DN14,2014,dense,31,31062,RIL_164,unknown,13.4718060095946,32.6410605406939,30.9650876448522
63,DN14,2014,dense,31,31063,RIL_094,unknown,10.4586718182664,49.2952813428088,52.3665601370412
64,DN14,2014,dense,31,31064,RIL_141,unknown,11.1034760678069,34.6719131764077,36.7945659873858
65,DN14,2014,dense,31,31065,RIL_069,unknown,10.0368977055183,41.2187166703831,39.7421408723892
66,DN14,2014,dense,31,31066,RIL_067,unknown,13.4034927131564,41.2523282391914,42.9408042101293
67,DN14,2014,dense,31,31067,RIL_127,unknown,7.7287856732233,35.2324201262163,35.6550152131712
68,DN14,2014,dense,31,31068,RIL_030,unknown,7.9356250361246,34.0414697607076,33.1388526298988
69,DN14,2014,dense,31,31069,B100,unknown,8.60834441520631,44.9300011432655,45.7996363798492
70,DN14,2014,dense,31,31070,RIL_091,unknown,11.3886235876786,29.6134516470027,22.381896806317
71,DN14,2014,dense,31,31071,B100,unknown,8.60834441520631,44.9300011432655,45.7996363798492
72,DN14,2014,dense,31,31072,RIL_078,unknown,9.7474537458745,29.3741097746404,28.4270306333411
73,DN14,2014,dense,31,31073,RIL_093,unknown,7.81114152366648,26.7990483621841,27.8245113794531
74,DN14,2014,dense,31,31074,RIL_018,unknown,8.19078797439965,34.9801762919857,34.9696345489808
75,DN14,2014,dense,31,31075,RIL_169,unknown,7.774961028711,30.836647815474,27.1172422156455
76,DN14,2014,dense,31,31076,RIL_203,unknown,8.75513584708363,33.0878308222092,32.5521794009694
77,DN14,2014,dense,31,31077,RIL_034,unknown,8.1967961042318,35.1186566573954,35.2288888234368
78,DN14,2014,dense,31,31078,B100,unknown,8.60834441520631,44.9300011432655,45.7996363798492
79,DN14,2014,dense,31,31079,RIL_064,unknown,8.6306523346255,32.4448359878104,28.4114731922169
80,DN14,2014,dense,31,31080,RIL_121,unknown,10.0207069316273,36.1229150212188,31.0707056777235
81,DN14,2014,dense,31,31081,RIL_048,unknown,5.58943303528738,22.0379784318406,26.1062628337499
82,DN14,2014,dense,31,31082,RIL_144,unknown,10.5993461046156,39.8121979108966,37.0626453146247
83,DN14,2014,dense,31,31083,RIL_029,unknown,11.7423331502879,56.1157211608777,54.2734836770725
84,DN14,2014,dense,31,31084,RIL_178,unknown,7.53194117085423,24.364875104187,19.7878581347782
85,DN14,2014,dense,31,31085,RIL_038,unknown,10.7600101120292,40.1085742872822,38.9663096998673
86,DN14,2014,dense,31,31086,RIL_195,unknown,8.62065747409328,30.0962144858481,31.799296844998
87,DN14,2014,dense,31,31087,RIL_197,unknown,8.34145712128103,32.4034167739304,30.7187990416534
88,DN14,2014,dense,31,31088,RIL_220,unknown,12.13387393514,43.8756012879233,42.0361189900753
89,DN14,2014,dense,31,31089,RIL_199,unknown,10.9387643669205,43.0143065278553,40.6886867090353
90,DN14,2014,dense,31,31090,RIL_149,unknown,14.1989661095783,36.7251735246605,35.4866939523325
91,DN14,2014,dense,31,31091,RIL_170,unknown,14.7373770941383,69.4388319307671,66.7780266878459
92,DN14,2014,dense,31,31092,RIL_043,unknown,9.79982501472103,46.7012084290114,48.6537137484994
93,DN14,2014,dense,31,31093,B100,unknown,8.60834441520631,44.9300011432655,45.7996363798492
94,DN14,2014,dense,31,31094,RIL_124,unknown,8.06345838596266,29.8893969122723,30.395506623175
95,DN14,2014,dense,31,31095,RIL_033,unknown,7.80304613672096,23.7629489404984,26.1972905097502
96,DN14,2014,dense,31,31096,RIL_023,unknown,9.95644132866187,46.9188254717577,40.9565287451747
97,DN14,2014,dense,31,31097,RIL_179,unknown,11.822540780845,45.5377600928382,41.6646242249933
98,DN14,2014,dense,31,31098,RIL_081,unknown,9.47634878000778,49.5397175319678,50.9667075704256
99,DN14,2014,dense,31,31099,RIL_072,unknown,7.60215394087913,36.4550799904622,33.4798132375739
100,DN14,2014,dense,31,31100,RIL_216,unknown,9.59083743193367,28.2632845086166,29.0245556722612
101,DN14,2014,dense,31,31101,RIL_101,unknown,12.9936129345272,49.1605027278223,52.3675201069488
102,DN14,2014,dense,31,31102,RIL_054,unknown,7.75460251062151,30.6162910396469,24.2660141243826
103,DN14,2014,dense,31,31103,RIL_120,unknown,9.5786943515154,35.547808003943,33.0503220613824
104,DN14,2014,dense,31,31104,RIL_125,unknown,8.59042414619727,44.4924598588322,40.6185016444101
105,DN14,2014,dense,31,31105,RIL_082,unknown,9.43017342452008,35.6452464991702,32.7654343678288
106,DN14,2014,dense,31,31106,RIL_219,unknown,11.4107615286291,29.8371782292218,31.0299016208919
107,DN14,2014,dense,31,31107,A10,unknown,9.76893187283426,16.6075812939169,NA
108,DN14,2014,dense,31,31108,RIL_020,unknown,13.4939439505451,64.1403456460768,59.403080474052
109,DN14,2014,dense,31,31109,RIL_194,unknown,11.4388466366391,40.0250159250921,37.3927618195169
110,DN14,2014,dense,31,31110,A10,unknown,9.76893187283426,16.6075812939169,NA
111,DN14,2014,dense,31,31111,RIL_115,unknown,9.28759966458422,29.3136790594193,26.1493731898082
112,DN14,2014,dense,31,31112,RIL_096,unknown,9.56275232392372,32.8742928735835,31.2000474174171
113,DN14,2014,dense,31,31113,RIL_185,unknown,9.21523867467327,41.5225683520872,37.0370099680571
114,DN14,2014,dense,31,31114,RIL_025,unknown,9.11884027022511,39.1376219530416,27.7608505530267
115,DN14,2014,dense,31,31115,RIL_011,unknown,9.55060924350544,35.91255575035,34.2168509543109
116,DN14,2014,dense,31,31116,RIL_208,unknown,11.1356088692896,45.4365930466601,42.4957603357106
117,DN14,2014,dense,31,31117,RIL_085,unknown,9.90431880611471,24.8469550601094,NA
118,DN14,2014,dense,31,31118,RIL_056,unknown,8.63874772157102,31.7763695694281,30.789758010826
119,DN14,2014,dense,31,31119,RIL_053,unknown,NA,31.5872697786934,37.3203605240344
120,DN14,2014,dense,31,31120,RIL_031,unknown,14.0140159413281,35.9891516289084,36.9970669198317
121,DN14,2014,dense,31,31121,RIL_129,unknown,8.33740942780827,37.6805105687578,36.6845285357667
122,DN14,2014,dense,31,31122,RIL_036,unknown,10.8383182689996,36.9791154644901,37.9023310861409
123,DN14,2014,dense,31,31123,B100,unknown,8.60834441520631,44.9300011432655,45.7996363798492
124,DN14,2014,dense,31,31124,RIL_035,unknown,7.6238229245101,38.1452771289382,35.5508389137476
125,DN14,2014,dense,31,31125,RIL_087,unknown,9.56869949098317,19.4181015943066,27.6204802981692
126,DN14,2014,dense,31,31126,A10,unknown,9.76893187283426,16.6075812939169,20.0197696054768
127,DN14,2014,dense,31,31127,RIL_218,unknown,8.35817776239284,30.7426055314447,34.1253498148403
128,DN14,2014,dense,31,31128,RIL_168,unknown,7.84732201862196,35.8767807264609,35.3567821593157
129,DN14,2014,dense,31,31129,RIL_200,unknown,8.66278513610822,42.2500997198448,37.991050684328
130,DN14,2014,dense,31,31130,RIL_019,unknown,9.80792040166654,32.9500605387618,32.7882863945264
131,DN14,2014,dense,31,31131,RIL_113,unknown,12.1038893535433,35.6720656455829,31.9236396268266
132,DN14,2014,dense,31,31132,RIL_128,unknown,11.0853858203292,46.6441739249882,45.1007432570581
133,DN14,2014,dense,31,31133,RIL_193,unknown,10.8844936244873,44.7413074818651,46.6415526063869
134,DN14,2014,dense,31,31134,RIL_161,unknown,6.25232753230556,28.8013837458863,31.905394269961
135,DN14,2014,dense,31,31135,RIL_066,unknown,10.1351955835532,38.6307532960585,37.1563632778148
136,DN14,2014,dense,31,31136,RIL_196,unknown,12.9776709069355,28.3868592673336,29.5956726457906
137,DN14,2014,dense,31,31138,RIL_116,unknown,9.48444416695329,31.6140889251061,33.9956252729079
138,DN14,2014,dense,31,31139,RIL_006,unknown,10.077761965015,37.8832497588952,36.5273356678166
139,DN14,2014,dense,31,31140,RIL_070,unknown,9.11074488327959,30.3287639358148,31.7937278338098
140,DN14,2014,dense,31,31141,RIL_092,unknown,10.5491230556551,39.1532372431849,36.1190736061057
141,DN14,2014,dense,31,31142,RIL_106,unknown,7.05184862220014,32.7758391556803,28.9872969826041
142,DN14,2014,dense,31,31143,RIL_075,unknown,8.31122379338501,16.1287431157142,19.1252265328477
143,DN14,2014,dense,31,31144,A10,unknown,9.76893187283426,16.6075812939169,NA
144,DN14,2014,dense,31,31145,RIL_159,unknown,8.69301846400423,35.8150056739882,34.6157125689668
145,DN14,2014,dense,31,31146,RIL_180,unknown,11.5152553200228,40.2165337558559,38.7869493779534
146,DN14,2014,dense,31,31147,RIL_210,unknown,8.34777288157847,45.0193552398325,50.3758057310058
147,DN14,2014,dense,31,31148,RIL_059,unknown,10.0207069316273,43.553420987801,40.6614223779355
148,DN14,2014,dense,31,31149,RIL_077,unknown,7.83922663167644,35.3646510286549,31.9076051650592
149,DN14,2014,dense,31,31150,RIL_105,unknown,10.0428448725778,36.1903012117659,32.7483409748524
150,DN14,2014,dense,31,31151,RIL_099,unknown,8.60256722661554,34.1215948601926,32.1272024547922
151,DN14,2014,dense,31,31152,RIL_026,unknown,9.31163707912142,34.0248392478883,32.4851545298315
152,DN14,2014,dense,31,31153,RIL_175,unknown,10.7238296170737,33.4297055065954,31.692908464752
153,DN14,2014,dense,31,31154,RIL_134,unknown,10.7519147250837,47.8863815948005,53.3473881637687
154,DN14,2014,dense,31,31155,RIL_014,unknown,9.32972732659917,34.5198211656792,38.6849756735581
155,DN14,2014,dense,31,31156,A10,unknown,9.76893187283426,16.6075812939169,NA
156,DN14,2014,dense,31,31157,RIL_126,unknown,11.3805282007331,26.9107363817088,25.7659786736368
157,DN14,2014,dense,31,31158,RIL_206,unknown,12.7686833241482,38.0848464137171,39.3202387942268
158,DN14,2014,dense,31,31159,RIL_024,unknown,9.94834594171635,38.1962020934887,36.9332164708723
159,DN14,2014,dense,31,31160,B100,unknown,8.60834441520631,44.9300011432655,45.7996363798492
160,DN14,2014,dense,31,31161,RIL_037,unknown,10.9668494749305,35.0389089016078,35.1294091133313
161,DN14,2014,dense,31,31162,RIL_004,unknown,9.66984855713819,35.4310256676216,33.6000216273163
162,DN14,2014,dense,31,31163,RIL_172,unknown,12.477588637217,41.3195513768081,39.1696740123678
163,DN14,2014,dense,31,31164,RIL_013,unknown,8.7672789275019,34.3074739988194,33.7733406602958
164,DN14,2014,dense,31,31165,RIL_143,unknown,10.8121326345764,43.1517984711167,44.8710674690198
165,DN14,2014,dense,31,31166,RIL_049,unknown,11.7682700384118,34.421367447776,34.1327398045423
166,DN14,2014,dense,31,31167,B100,unknown,8.60834441520631,44.9300011432655,45.7996363798492
167,DN14,2014,dense,31,31168,RIL_153,unknown,10.6252829927395,41.0928170241456,34.7499483766028
168,DN14,2014,dense,31,31169,B100,unknown,8.60834441520631,44.9300011432655,45.7996363798492
169,DN14,2014,dense,31,31170,RIL_207,unknown,8.52425906964512,40.9946577484109,37.6551749528524
170,DN14,2014,dense,31,31171,RIL_015,unknown,7.25868798510144,17.5271218903759,17.3861506432861
171,DN14,2014,dense,31,31172,RIL_146,unknown,10.125200723021,42.6568165533258,37.4676537009999
172,DN14,2014,dense,31,31173,RIL_041,unknown,8.90580499396499,31.6290737727049,31.1777690012155
173,DN14,2014,dense,31,31174,RIL_154,unknown,8.06820393552824,22.6157987773914,21.9114083935881
174,DN14,2014,dense,31,31175,RIL_176,unknown,6.43917717414242,24.7423918027336,21.3692836969921
175,DN14,2014,dense,31,31176,RIL_063,unknown,7.46471369067488,31.4844046269164,34.7453381495978
176,DN14,2014,dense,31,31177,RIL_114,unknown,8.40167503077371,36.8599521396469,38.3960572921168
177,DN14,2014,dense,31,31178,RIL_182,unknown,9.46420569958951,51.0270442738621,46.2539220467876
178,DN14,2014,dense,31,31179,A10,unknown,9.76893187283426,16.6075812939169,NA
179,DN14,2014,dense,31,31180,RIL_103,unknown,7.10549467654339,24.0236833027236,21.7784199539699
180,DN14,2014,dense,31,31181,RIL_209,unknown,13.0519313704332,46.380726234488,42.0536929608676
181,DN14,2014,dense,31,31182,RIL_158,unknown,8.10438443048371,33.9307969638589,34.9102035187692
182,DN14,2014,dense,31,31183,RIL_084,unknown,10.9287695063883,36.4590125058855,37.1991838643145
183,DN14,2014,dense,31,31184,RIL_211,unknown,8.50212112869463,38.1262656275971,37.8372303048531
184,DN14,2014,dense,31,31185,RIL_152,unknown,12.4211696748977,38.4406382826477,39.830669069457
185,DN14,2014,dense,31,31186,RIL_057,unknown,6.89308408837325,29.3371019946342,36.4437099824547
186,DN14,2014,dense,31,31187,A10,unknown,9.76893187283426,16.6075812939169,NA
187,DN14,2014,dense,31,31188,RIL_010,unknown,8.01393319309501,38.5832245427058,38.186351842467
188,DN14,2014,dense,31,31189,RIL_217,unknown,9.4401682850523,23.1807171610738,21.7485595540848
189,DN14,2014,dense,31,31190,RIL_060,unknown,8.68087538358596,38.0155928307484,38.1210590671977
190,DN14,2014,dense,31,31191,RIL_008,unknown,11.9048966312882,44.5012827265799,47.7720772920217
191,DN14,2014,dense,31,31192,RIL_138,unknown,8.01203371950831,32.1711996637169,29.0035258098016
192,DN14,2014,dense,31,31193,RIL_212,unknown,11.0700818236788,41.505028929012,39.0592901848957
193,DN14,2014,dense,31,31194,RIL_137,unknown,12.1681549565088,49.2830622638633,52.1415864229637
194,DN14,2014,dense,31,31195,RIL_167,unknown,8.89581013343278,32.0157114417904,31.342153792571
195,DN14,2014,dense,31,31196,RIL_118,unknown,8.03607113404552,39.9357726696136,40.07359244222
196,DN14,2014,dense,31,31197,RIL_215,unknown,10.0007172105629,59.1518205825633,54.0400634135325
197,DN14,2014,dense,31,31198,RIL_095,unknown,12.3469092114001,40.419550731135,41.522608511071
198,DN14,2014,dense,31,31199,B100,unknown,8.60834441520631,44.9300011432655,45.7996363798492
199,DN14,2014,dense,31,31200,RIL_119,unknown,9.42612573104732,43.3055885874442,36.1254117789443
200,DN14,2014,dense,31,31201,RIL_130,unknown,10.2215991274691,32.8267641202308,36.7842889736154
201,DN14,2014,dense,31,31202,A10,unknown,9.76893187283426,16.6075812939169,NA
202,DN14,2014,dense,31,31203,RIL_181,unknown,7.16228958065328,23.361326423814,25.0663830218767
203,DN14,2014,dense,31,31204,RIL_174,unknown,7.1482470266483,23.996181273388,23.0507636166484
204,DN14,2014,dense,31,31205,RIL_163,unknown,7.32700128153963,26.289466376926,28.7386356894314
205,DN14,2014,dense,31,31206,RIL_107,unknown,16.21168701517,46.6451891476642,44.3535274878522
206,DN14,2014,dense,31,31207,RIL_068,unknown,6.22574379204776,27.3595275202545,24.2195481424286
207,DN14,2014,dense,31,31208,RIL_109,unknown,10.139243277026,41.1969918407671,43.3941085686502
208,DN14,2014,dense,31,31209,RIL_071,unknown,11.5052604594905,47.3204479884421,48.5847701232706
209,DN14,2014,dense,31,31210,RIL_100,unknown,11.0406403303618,55.1288224657081,56.7884012637758
210,DN14,2014,dense,33,33001,B100,unknown,7.43586607265474,47.8272160006702,47.0398514883953
211,DN14,2014,dense,33,33002,RIL_103,unknown,5.93301633399182,26.9208981601283,23.0186350625161
212,DN14,2014,dense,33,33003,RIL_110,unknown,10.4413236018054,40.3927047295485,34.7469086892567
213,DN14,2014,dense,33,33004,RIL_017,unknown,NA,43.5550922382261,42.6178337775677
214,DN14,2014,dense,33,33005,A10,unknown,8.59645353028268,19.5047961513216,21.259984714023
215,DN14,2014,dense,33,33006,RIL_216,unknown,8.41835908938209,31.1604993660213,30.2647707808073
216,DN14,2014,dense,33,33007,RIL_127,unknown,6.55630733067172,38.129634983621,36.8952303217173
217,DN14,2014,dense,33,33008,RIL_207,unknown,7.35178072709354,43.8918726058156,38.8953900613985
218,DN14,2014,dense,33,33009,RIL_063,unknown,6.2922353481233,34.3816194843211,35.9855532581439
219,DN14,2014,dense,33,33010,RIL_018,unknown,7.01830963184807,37.8773911493903,36.2098496575269
220,DN14,2014,dense,33,33011,B100,unknown,7.43586607265474,47.8272160006702,47.0398514883953
221,DN14,2014,dense,33,33012,RIL_124,unknown,6.89098004341108,32.786611769677,31.6357217317211
222,DN14,2014,dense,33,33013,RIL_185,unknown,8.04276033212169,44.4197832094919,38.2772250766033
223,DN14,2014,dense,33,33014,RIL_178,unknown,6.35946282830265,27.2620899615916,21.0280732433243
224,DN14,2014,dense,33,33015,A10,unknown,8.59645353028268,19.5047961513216,21.259984714023
225,DN14,2014,dense,33,33016,RIL_082,unknown,8.2576950819685,38.5424613565748,34.0056494763749
226,DN14,2014,dense,33,33017,RIL_176,unknown,5.26669883159084,27.6396066601382,22.6094988055382
227,DN14,2014,dense,33,33018,RIL_085,unknown,8.73184046356313,27.7441699175141,25.2927826332997
228,DN14,2014,dense,33,33019,RIL_101,unknown,11.8211345919756,52.057717585227,53.6077352154949
229,DN14,2014,dense,33,33020,B100,unknown,7.43586607265474,47.8272160006702,47.0398514883953
230,DN14,2014,dense,33,33021,RIL_109,unknown,8.96676493447439,44.0942066981718,44.6343236771963
231,DN14,2014,dense,33,33022,RIL_141,unknown,9.93099772525532,37.5691280338124,38.034781095932
232,DN14,2014,dense,33,33023,RIL_187,unknown,7.70334206981675,40.176785792401,36.3436037016226
233,DN14,2014,dense,33,33024,RIL_135,unknown,6.44424800755211,29.6877726915942,26.8194348519054
234,DN14,2014,dense,33,33025,RIL_056,unknown,7.46626937901944,34.6735844268328,32.0299731193721
235,DN14,2014,dense,33,33026,RIL_102,unknown,7.41604633005898,33.9643816774934,32.7290831318273
236,DN14,2014,dense,33,33028,RIL_099,unknown,7.43008888406396,37.0188097175973,33.3674175633383
237,DN14,2014,dense,33,33029,RIL_084,unknown,9.75629116383674,39.3562273632901,38.4393989728606
238,DN14,2014,dense,33,33030,A10,unknown,8.59645353028268,19.5047961513216,NA
239,DN14,2014,dense,33,33031,RIL_152,unknown,11.2486913323462,41.3378531400524,41.0708841780031
240,DN14,2014,dense,33,33032,RIL_117,unknown,7.83592096922039,31.2442407815219,30.8798638618983
241,DN14,2014,dense,33,33033,RIL_159,unknown,7.52054012145266,38.7122205313929,35.855927677513
242,DN14,2014,dense,33,33034,RIL_161,unknown,5.07984918975398,31.698598603291,33.1456093785072
243,DN14,2014,dense,33,33035,RIL_038,unknown,9.58753176947763,43.0057891446869,40.2065248084134
244,DN14,2014,dense,33,33036,RIL_156,unknown,6.41968073779533,36.6569083091939,34.0037295365597
245,DN14,2014,dense,33,33037,RIL_089,unknown,9.58158460241817,47.0888869059775,44.9718260217556
246,DN14,2014,dense,33,33038,A10,unknown,8.59645353028268,19.5047961513216,21.259984714023
247,DN14,2014,dense,33,33039,RIL_162,unknown,7.84591582975261,21.4272025452306,20.3778399278564
248,DN14,2014,dense,33,33040,RIL_196,unknown,11.805192564384,31.2840741247383,30.8358877543367
249,DN14,2014,dense,33,33041,RIL_154,unknown,6.89572559297666,25.5130136347961,23.1516235021342
250,DN14,2014,dense,33,33042,RIL_136,unknown,8.14320643004259,30.2173814008694,28.8277596715604
251,DN14,2014,dense,33,33043,RIL_190,unknown,3.99579919193403,27.7091441598784,26.6643635472399
252,DN14,2014,dense,33,33044,A10,unknown,8.59645353028268,19.5047961513216,21.259984714023
253,DN14,2014,dense,33,33045,RIL_148,unknown,8.279833022919,33.8822261326564,33.1540606708667
254,DN14,2014,dense,33,33046,RIL_104,unknown,6.28520236480498,42.6601859093498,44.3038237772032
255,DN14,2014,dense,33,33047,RIL_211,unknown,7.32964278614305,41.0234804850018,39.0774454133992
256,DN14,2014,dense,33,33048,RIL_046,unknown,5.59612223336355,28.2157289000901,25.2453998722556
257,DN14,2014,dense,33,33049,RIL_172,unknown,11.3051102946654,44.2167662342128,40.4098891209139
258,DN14,2014,dense,33,33050,RIL_019,unknown,8.63544205911496,35.8472753961665,34.0285015030725
259,DN14,2014,dense,33,33052,RIL_168,unknown,6.67484367607038,38.7739955838655,36.5969972678618
260,DN14,2014,dense,33,33053,RIL_139,unknown,5.31287418707854,NA,24.9231628278133
261,DN14,2014,dense,33,33054,RIL_008,unknown,10.7324182887366,47.3984975839846,49.0122924005678
262,DN14,2014,dense,33,33055,RIL_014,unknown,8.15724898404759,37.4170360230839,39.9251907821042
263,DN14,2014,dense,33,33056,RIL_037,unknown,9.79437113237893,37.9361237590125,36.3696242218774
264,DN14,2014,dense,33,33057,RIL_024,unknown,8.77586759916477,41.0934169508934,38.1734315794185
265,DN14,2014,dense,33,33058,RIL_043,unknown,8.62734667216945,49.5984232864161,49.8939288570455
266,DN14,2014,dense,33,33059,RIL_004,unknown,8.49737021458661,38.3282405250263,34.8402367358624
267,DN14,2014,dense,33,33060,RIL_070,unknown,7.93826654072801,33.2259787932195,33.0339429423559
268,DN14,2014,dense,33,33061,RIL_053,unknown,7.31832561993341,34.4844846360981,38.5605756325805
269,DN14,2014,dense,33,33062,RIL_093,unknown,6.6386631811149,29.6962632195888,29.0647264879992
270,DN14,2014,dense,33,33063,B100,unknown,7.43586607265474,47.8272160006702,47.0398514883953
271,DN14,2014,dense,33,33064,RIL_112,unknown,12.2450569246098,41.4553183592967,40.2258243535908
272,DN14,2014,dense,33,33065,RIL_068,unknown,5.05326544949618,30.2567423776591,25.4597632509747
273,DN14,2014,dense,33,33066,RIL_087,unknown,8.39622114843159,22.3153164517113,28.8606954067154
274,DN14,2014,dense,33,33067,RIL_076,unknown,9.29024116918762,44.7144614802786,42.8386825853533
275,DN14,2014,dense,33,33068,RIL_210,unknown,7.17529453902689,47.9165700972372,51.6160208395519
276,DN14,2014,dense,33,33069,B100,unknown,7.43586607265474,47.8272160006702,47.0398514883953
277,DN14,2014,dense,33,33070,RIL_199,unknown,9.76628602436895,45.91152138526,41.9289018175814
278,DN14,2014,dense,33,33071,RIL_163,unknown,6.15452293898806,29.1866812343307,29.9788507979776
279,DN14,2014,dense,33,33072,RIL_022,unknown,7.68120412886625,47.2375827055083,43.627571720067
280,DN14,2014,dense,33,33073,RIL_171,unknown,6.6608011220654,29.9434127370228,26.4565774445431
281,DN14,2014,dense,33,33074,RIL_044,unknown,9.64370198549754,44.1451316627223,42.6099632100497
282,DN14,2014,dense,33,33075,RIL_188,unknown,7.72263380703927,25.8944081918902,21.2520875803564
283,DN14,2014,dense,33,33076,RIL_027,unknown,7.82782558227487,39.2214487483037,36.1735062000238
284,DN14,2014,dense,33,33077,RIL_195,unknown,7.4481791315417,32.9934293432528,33.0395119535442
285,DN14,2014,dense,33,33078,RIL_013,unknown,7.59480058495032,37.2046888562241,35.013555768842
286,DN14,2014,dense,33,33079,RIL_002,unknown,11.108017045997,46.5657200759282,41.3153476526532
287,DN14,2014,dense,33,33080,RIL_114,unknown,7.22919668822213,39.7571669970516,39.636272400663
288,DN14,2014,dense,33,33081,RIL_064,unknown,7.45817399207392,35.3420508452151,29.651688300763
289,DN14,2014,dense,33,33082,RIL_128,unknown,9.91290747777758,49.5413887823928,46.3409583656042
290,DN14,2014,dense,33,33083,RIL_047,unknown,9.01698798343483,34.4342425544705,31.7001481626249
291,DN14,2014,dense,33,33084,RIL_074,unknown,8.1893817855303,34.5663078411819,31.9540187495072
292,DN14,2014,dense,33,33085,RIL_134,unknown,9.5794363825321,50.7835964522052,54.5876032723148
293,DN14,2014,dense,33,33086,RIL_081,unknown,8.3038704374562,52.4369323893725,52.2069226789717
294,DN14,2014,dense,33,33087,B100,unknown,7.43586607265474,47.8272160006702,47.0398514883953
295,DN14,2014,dense,33,33088,RIL_098,unknown,10.391100552845,41.5325548589219,37.6755739456671
296,DN14,2014,dense,33,33089,RIL_201,unknown,13.1712097468486,64.5473679641372,56.7100922284672
297,DN14,2014,dense,33,33090,RIL_183,unknown,7.52648728851212,33.8944452116018,35.6177046001244
298,DN14,2014,dense,33,33091,RIL_057,unknown,5.72060574582167,32.2343168520389,37.6839250910009
299,DN14,2014,dense,33,33092,RIL_174,unknown,5.97576868409672,26.8933961307927,24.2909787251945
300,DN14,2014,dense,33,33093,RIL_116,unknown,8.31196582440172,34.5113037825108,35.235840381454
301,DN14,2014,dense,33,33094,RIL_033,unknown,6.63056779416938,26.6601637979031,27.4375056182963
302,DN14,2014,dense,33,33095,RIL_206,unknown,11.5962049815966,40.9820612711218,40.560453902773
303,DN14,2014,dense,33,33096,RIL_010,unknown,6.84145485054343,41.4804394001105,39.4265669510131
304,DN14,2014,dense,33,33097,RIL_062,unknown,10.616030163224,46.342676376632,44.4865493295528
305,DN14,2014,dense,33,33098,RIL_219,unknown,10.2382831860775,32.7343930866265,32.270116729438
306,DN14,2014,dense,33,33099,A10,unknown,8.59645353028268,19.5047961513216,NA
307,DN14,2014,dense,33,33100,RIL_149,unknown,13.0264877670267,39.6223883820652,36.7269090608786
308,DN14,2014,dense,33,33101,RIL_130,unknown,9.04912078491755,35.7239789776355,38.0245040821615
309,DN14,2014,dense,33,33102,B100,unknown,7.43586607265474,47.8272160006702,47.0398514883953
310,DN14,2014,dense,33,33103,A10,unknown,8.59645353028268,19.5047961513216,NA
311,DN14,2014,dense,33,33104,RIL_060,unknown,7.50839704103438,40.9128076881531,39.3612741757439
312,DN14,2014,dense,33,33105,RIL_039,unknown,12.566384939437,29.2084060639467,25.8323676136408
313,DN14,2014,dense,33,33106,RIL_113,unknown,10.9314110109917,38.5692805029875,33.1638547353727
314,DN14,2014,dense,33,33107,RIL_096,unknown,8.39027398137215,35.7715077309882,32.4402625259632
315,DN14,2014,dense,33,33108,RIL_049,unknown,10.5957916958602,37.3185823051807,35.3729549130884
316,DN14,2014,dense,33,33109,RIL_213,unknown,10.9754381465934,58.7158767589739,61.1714953797749
317,DN14,2014,dense,33,33110,RIL_026,unknown,8.13915873656984,36.922054105293,33.7253696383777
318,DN14,2014,dense,33,33111,RIL_146,unknown,8.9527223804694,45.5540314107305,38.707868809546
319,DN14,2014,dense,33,33112,A10,unknown,8.59645353028268,19.5047961513216,NA
320,DN14,2014,dense,33,33113,RIL_220,unknown,10.9613955925884,46.772816145328,43.2763340986214
321,DN14,2014,dense,33,33114,RIL_001,unknown,11.6907039124581,54.6558695931451,50.8021689300682
322,DN14,2014,dense,33,33115,RIL_100,unknown,9.86816198781023,58.0260373231128,58.0286163723219
323,DN14,2014,dense,33,33116,RIL_067,unknown,12.2310143706048,44.1495430965961,44.1810193186754
324,DN14,2014,dense,33,33117,RIL_218,unknown,7.18569941984126,33.6398203888494,35.3655649233864
325,DN14,2014,dense,33,33118,RIL_016,unknown,7.71738462382173,38.2851232055474,34.5157947249434
326,DN14,2014,dense,33,33119,A10,unknown,8.59645353028268,19.5047961513216,NA
327,DN14,2014,dense,33,33120,RIL_170,unknown,13.5648987515867,72.3360467881718,68.0182417963921
328,DN14,2014,dense,33,33121,RIL_144,unknown,9.42686776206403,42.7094127683013,38.3028604231708
329,DN14,2014,dense,33,33122,RIL_184,unknown,7.05044243333079,33.5566496213363,31.8641477802931
330,DN14,2014,dense,33,33123,RIL_011,unknown,8.37813090095386,38.8097706077547,35.457066062857
331,DN14,2014,dense,33,33124,RIL_194,unknown,10.2663682940875,42.9222307824968,38.632976928063
332,DN14,2014,dense,33,33125,RIL_078,unknown,8.57497540332293,32.2713246320451,29.6672457418873
333,DN14,2014,dense,33,33126,RIL_204,unknown,5.11305356613682,26.8075893509558,26.8834694099712
334,DN14,2014,dense,33,33127,RIL_041,unknown,7.73332665141341,34.5262886301096,32.4179841097616
335,DN14,2014,dense,33,33128,RIL_181,unknown,5.9898112381017,26.2585412812187,26.3065981304228
336,DN14,2014,dense,33,33129,RIL_221,unknown,7.6088431389553,39.6471507965063,36.8821747309741
337,DN14,2014,dense,33,33130,RIL_158,unknown,6.93190608793214,36.8280118212636,36.1504186273153
338,DN14,2014,dense,33,33131,RIL_197,unknown,7.16897877872945,35.3006316313351,31.9590141501995
339,DN14,2014,dense,33,33132,RIL_031,unknown,12.8415375987765,38.8863664863131,38.2372820283778
340,DN14,2014,dense,33,33133,RIL_071,unknown,10.332782116939,50.2176628458468,49.8249852318167
341,DN14,2014,dense,33,33134,RIL_091,unknown,10.216145245127,32.5106665044074,23.6221119148631
342,DN14,2014,dense,33,33135,RIL_142,unknown,8.49072007929306,36.3544223933356,33.9929731306977
343,DN14,2014,dense,33,33136,RIL_157,unknown,9.87267928934933,36.717339024415,36.2734946135761
344,DN14,2014,dense,33,33137,RIL_217,unknown,8.26768994250072,26.0779320184785,22.9887746626309
345,DN14,2014,dense,33,33138,RIL_092,unknown,9.37664471310357,42.0504521005896,37.3592887146518
346,DN14,2014,dense,33,33139,RIL_180,unknown,10.3427769774712,43.1137486132606,40.0271644864996
347,DN14,2014,dense,33,33140,RIL_052,unknown,8.05275519265391,44.0886047700371,41.4001319670814
348,DN14,2014,dense,33,33141,RIL_075,unknown,7.13874545083344,19.0259579731189,20.3654416413939
349,DN14,2014,dense,33,33142,RIL_203,unknown,7.58265750453205,35.9850456796138,33.7923945095155
350,DN14,2014,dense,33,33143,RIL_182,unknown,8.29172735703794,53.9242591312668,47.4941371553337
351,DN14,2014,dense,33,33144,RIL_025,unknown,7.94636192767353,42.0348368104463,29.0010656615728
352,DN14,2014,dense,33,33145,B100,unknown,7.43586607265474,47.8272160006702,47.0398514883953
353,DN14,2014,dense,33,33146,RIL_126,unknown,10.2080498581815,29.8079512391134,27.0061937821829
354,DN14,2014,dense,33,33147,RIL_160,unknown,8.83217708227246,49.9993311092852,40.5244340050609
355,DN14,2014,dense,33,33148,RIL_167,unknown,7.7233317908812,34.9129262991951,32.5823689011171
356,DN14,2014,dense,33,33149,RIL_119,unknown,8.25364738849574,46.2028034448489,37.3656268874904
357,DN14,2014,dense,33,33150,RIL_200,unknown,7.49030679355665,45.1473145772494,39.2312657928741
358,DN14,2014,dense,33,33151,RIL_205,unknown,8.90799465599352,32.9297621221908,29.7035397187396
359,DN14,2014,dense,33,33152,RIL_015,unknown,6.08620964254986,20.4243367477806,18.6263657518323
360,DN14,2014,dense,33,33153,RIL_005,unknown,5.37637686917559,26.55759181571,17.8619635569699
361,DN14,2014,dense,33,33154,RIL_095,unknown,11.1744308688485,43.3167655885397,42.7628236196171
362,DN14,2014,dense,33,33155,RIL_118,unknown,6.86359279149394,42.8329875270183,41.3138075507661
363,DN14,2014,dense,33,33156,RIL_129,unknown,7.16493108525669,40.5777254261625,37.9247436443129
364,DN14,2014,dense,33,33157,RIL_105,unknown,8.87036653002623,39.0875160691706,33.9885560833985
365,DN14,2014,dense,33,33159,RIL_077,unknown,6.66674828912487,38.2618658860596,33.1478202736053
366,DN14,2014,dense,33,33160,RIL_193,unknown,9.71201528193574,47.6385223392698,47.8817677149331
367,DN14,2014,dense,33,33161,RIL_048,unknown,4.4169546927358,24.9351932892453,27.346477942296
368,DN14,2014,dense,33,33162,RIL_030,unknown,6.76314669357303,36.9386846181123,34.3790677384449
369,DN14,2014,dense,33,33163,RIL_164,unknown,12.299327667043,35.5382753980986,32.2053027533983
370,DN14,2014,dense,33,33164,RIL_059,unknown,8.84822858907574,46.4506358452057,41.9016374864816
371,DN14,2014,dense,33,33165,RIL_222,unknown,5.82509953721534,28.6451857858632,28.6834268690762
372,DN14,2014,dense,33,33166,A10,unknown,8.59645353028268,19.5047961513216,NA
373,DN14,2014,dense,33,33167,RIL_215,unknown,8.82823886801129,62.049035439968,55.2802785220786
374,DN14,2014,dense,33,33168,RIL_020,unknown,12.3214656079935,67.0375605034815,60.6432955825981
375,DN14,2014,dense,33,33169,RIL_143,unknown,9.63965429202478,46.0490133285214,46.1112825775659
376,DN14,2014,dense,33,33170,RIL_029,unknown,10.5698548077363,59.0129360182823,55.5136987856186
377,DN14,2014,dense,33,33171,RIL_086,unknown,8.29946405668779,39.0216527126375,34.0611511514489
378,DN14,2014,dense,33,33172,RIL_125,unknown,7.41794580364569,47.3896747162369,41.8587167529562
379,DN14,2014,dense,33,33173,RIL_115,unknown,8.11512132203264,32.210893916824,27.3895882983544
380,DN14,2014,dense,33,33174,RIL_023,unknown,8.78396298611029,49.8160403291624,42.1967438537208
381,DN14,2014,dense,33,33175,RIL_150,unknown,7.15088853125171,31.3540105906299,25.686507277191
382,DN14,2014,dense,33,33176,B100,unknown,7.43586607265474,47.8272160006702,47.0398514883953
383,DN14,2014,dense,33,33177,RIL_153,unknown,9.45280465018793,NA,35.9901634851489
384,DN14,2014,dense,33,33178,RIL_120,unknown,8.40621600896382,38.4450228613477,34.2905371699286
385,DN14,2014,dense,33,33179,B100,unknown,7.43586607265474,47.8272160006702,47.0398514883953
386,DN14,2014,dense,33,33180,RIL_189,unknown,13.3278260607894,49.867980516389,50.4897247644076
387,DN14,2014,dense,33,33181,A10,unknown,8.59645353028268,19.5047961513216,NA
388,DN14,2014,dense,33,33182,RIL_040,unknown,12.1988815691221,56.0630712355544,48.8142014010755
389,DN14,2014,dense,33,33183,RIL_175,unknown,9.55135127452216,36.3269203640001,32.9331235732981
390,DN14,2014,dense,33,33184,RIL_106,unknown,5.87937027964856,35.673054013085,30.2275120911502
391,DN14,2014,dense,33,33185,RIL_179,unknown,10.6500624382934,48.4349749502429,42.9048393335394
392,DN14,2014,dense,33,33186,RIL_090,unknown,4.88850720203956,33.1829601364744,41.7467544889446
393,DN14,2014,dense,33,33187,RIL_140,unknown,9.15766226978399,40.1744048038793,39.3005910346174
394,DN14,2014,dense,33,33188,RIL_054,unknown,NA,NA,25.5062292329287
395,DN14,2014,dense,33,33189,RIL_137,unknown,10.9956766139572,52.180277121268,53.3818015315098
396,DN14,2014,dense,33,33190,RIL_050,unknown,11.1142129593558,47.0121580176903,40.9418369507652
397,DN14,2014,dense,33,33191,RIL_209,unknown,11.8794530278816,49.2779410918927,43.2939080694137
398,DN14,2014,dense,33,33192,RIL_055,unknown,14.010710278872,49.3634928479275,46.7575823878612
399,DN14,2014,dense,33,33193,RIL_051,unknown,14.9428102681703,58.2348120257274,56.7456200079799
400,DN14,2014,dense,33,33194,RIL_007,unknown,9.55729844158161,35.2894277750657,29.9381143176174
401,DN14,2014,dense,33,33195,RIL_123,unknown,8.00847931075292,36.0122983789471,38.3239916183804
402,DN14,2014,dense,33,33196,B100,unknown,7.43586607265474,47.8272160006702,47.0398514883953
403,DN14,2014,dense,33,33197,RIL_138,unknown,6.83955537695674,35.0684145211215,30.2437409183477
404,DN14,2014,dense,33,33198,RIL_072,unknown,6.42967559832755,39.3522948478669,34.72002834612
405,DN14,2014,dense,33,33199,RIL_066,unknown,8.96271724100162,41.5279681534632,38.3965783863609
406,DN14,2014,dense,33,33200,RIL_058,unknown,7.84591582975261,46.0819420144068,39.387490247153
407,DN14,2014,dense,33,33201,B100,unknown,7.43586607265474,47.8272160006702,47.0398514883953
408,DN14,2014,dense,33,33202,RIL_036,unknown,9.66583992644804,39.8763303218948,39.142546194687
409,DN14,2014,dense,33,33203,RIL_035,unknown,6.45134458195852,41.0424919863429,36.7910540222937
410,DN14,2014,dense,33,33204,A10,unknown,8.59645353028268,19.5047961513216,NA
411,DN14,2014,dense,33,33205,RIL_069,unknown,8.86441936296675,44.1159315277878,40.9823559809353
412,DN14,2014,dense,33,33206,RIL_094,unknown,9.28619347571487,52.1924962002135,53.6067752455873
413,DN14,2014,dense,33,33207,RIL_107,unknown,15.0392086726184,49.5424040050689,45.5937425963983
414,DN14,2014,dense,33,33208,RIL_121,unknown,8.84822858907574,39.0201298786235,32.3109207862696
415,DN14,2014,dense,33,33209,RIL_169,unknown,6.60248268615942,33.7338626728787,28.3574573241916
416,DN14,2014,dense,33,33210,RIL_208,unknown,9.96313052673804,48.3338079040648,43.7359754442567
417,DN14,2014,sparse,32,32001,RIL_022,unknown,7.06205922623547,45.9564026609057,45.45785032548
418,DN14,2014,sparse,32,32002,RIL_027,unknown,7.04801667223049,38.2064297224761,40.76228685639
419,DN14,2014,sparse,32,32003,B100,unknown,6.52903470829544,46.4245757585639,54.4577133197578
420,DN14,2014,sparse,32,32004,RIL_222,unknown,5.20595463458456,27.0313044677917,NA
421,DN14,2014,sparse,32,32005,RIL_190,unknown,3.6482763866441,26.3919193566161,29.6487158646949
422,DN14,2014,sparse,32,32006,RIL_188,unknown,6.70587454076902,24.4260651212752,24.5727972680576
423,DN14,2014,sparse,32,32007,RIL_183,unknown,6.55388156957142,32.5847479149876,39.2475872754849
424,DN14,2014,sparse,32,32008,A10,unknown,7.80436476228835,16.0016399192408,NA
425,DN14,2014,sparse,32,32009,RIL_046,unknown,5.16977413962908,27.3147788823089,29.5368681328614
426,DN14,2014,sparse,32,32010,RIL_039,unknown,10.6619279774975,27.4899614884993,26.0579072836555
427,DN14,2014,sparse,32,32011,RIL_123,unknown,6.07188954733063,33.6961395278993,38.6927876766821
428,DN14,2014,sparse,32,32012,A10,unknown,7.80436476228835,16.0016399192408,NA
429,DN14,2014,sparse,32,32013,RIL_139,unknown,4.79012768889591,26.320578606205,28.5479744225609
430,DN14,2014,sparse,32,32014,RIL_086,unknown,NA,37.1653747524674,36.0622327695775
431,DN14,2014,sparse,32,32015,RIL_148,unknown,7.78921932621909,33.1808968789565,37.3819999654577
432,DN14,2014,sparse,32,32017,RIL_002,unknown,9.20356008405745,44.4385282216477,44.5654620018781
433,DN14,2014,sparse,32,32018,RIL_040,unknown,11.162010247216,54.6488106815642,52.0281327507334
434,DN14,2014,sparse,32,32019,A10,unknown,7.80436476228835,16.0016399192408,NA
435,DN14,2014,sparse,32,32020,RIL_157,unknown,8.45021434965056,35.4551704811534,39.5093626231171
436,DN14,2014,sparse,32,32021,B100,unknown,6.52903470829544,46.4245757585639,54.4577133197578
437,DN14,2014,sparse,32,32022,RIL_102,unknown,6.7969014274282,32.8067763916078,36.715093741456
438,DN14,2014,sparse,32,32023,RIL_050,unknown,10.6557320641386,45.5978974637002,43.3847346327968
439,DN14,2014,sparse,32,32024,RIL_017,unknown,9.06668509436139,42.777716979162,48.9440785722084
440,DN14,2014,sparse,32,32025,RIL_051,unknown,13.456079725506,56.126631672788,59.0181733966078
441,DN14,2014,sparse,32,32026,RIL_074,unknown,7.21677606658961,34.1026223542455,37.7682632198319
442,DN14,2014,sparse,32,32027,RIL_001,unknown,11.0072934068618,53.5743103126237,53.8477503883696
443,DN14,2014,sparse,32,32028,RIL_136,unknown,7.39553032148094,28.232775806647,29.9294196989148
444,DN14,2014,sparse,32,32029,RIL_213,unknown,9.0709811846538,56.9594091808444,64.6082646416705
445,DN14,2014,sparse,32,32030,RIL_047,unknown,7.9801166615287,33.5047752846777,36.0585695139148
446,DN14,2014,sparse,32,32031,RIL_016,unknown,7.29103653008727,37.0990006676502,39.0353874321188
447,DN14,2014,sparse,32,32032,A10,unknown,7.80436476228835,16.0016399192408,NA
448,DN14,2014,sparse,32,32033,RIL_221,unknown,6.60410461853188,37.8780060676251,39.0564248780076
449,DN14,2014,sparse,32,32034,RIL_089,unknown,9.66936133240722,46.3970634029482,49.8013978820057
450,DN14,2014,sparse,32,32035,RIL_140,unknown,8.63491577160136,38.2753509656917,42.6723628389278
451,DN14,2014,sparse,32,32036,RIL_156,unknown,5.67200462923367,35.2236362538627,37.5769936527722
452,DN14,2014,sparse,32,32037,RIL_189,unknown,12.4194859448142,47.997443930213,53.4921444558504
453,DN14,2014,sparse,32,32038,RIL_135,unknown,5.96676277447381,28.1784546308987,28.9334120656644
454,DN14,2014,sparse,32,32039,RIL_062,unknown,10.0932836650414,45.0995193347115,48.7827024557198
455,DN14,2014,sparse,32,32040,RIL_044,unknown,8.41403385469509,43.0635723822009,47.1137119997691
456,DN14,2014,sparse,32,32041,RIL_150,unknown,6.53174362862093,30.015796042004,30.9883305830347
457,DN14,2014,sparse,32,32042,RIL_007,unknown,8.10270070040012,34.255397247897,33.1509731528584
458,DN14,2014,sparse,32,32043,RIL_076,unknown,8.76749467100499,43.2241549209241,45.3153761417851
459,DN14,2014,sparse,32,32044,RIL_098,unknown,10.3182132754204,40.4937714564179,40.9268525583138
460,DN14,2014,sparse,32,32045,RIL_058,unknown,7.16250532415639,44.1923939268897,41.2397705761602
461,DN14,2014,sparse,32,32046,RIL_142,unknown,7.71091116924867,35.6721046409769,39.0071125833064
462,DN14,2014,sparse,32,32048,RIL_205,unknown,8.47998303739091,31.6483677751186,33.7663372082944
463,DN14,2014,sparse,32,32049,RIL_052,unknown,6.82308706185145,42.7551430967465,44.6693865098824
464,DN14,2014,sparse,32,32050,RIL_162,unknown,7.16250532415639,20.0889879966047,23.1474115382202
465,DN14,2014,sparse,32,32051,RIL_117,unknown,7.57023688289952,29.9720777534813,34.1012708824781
466,DN14,2014,sparse,32,32052,RIL_104,unknown,6.46937749924219,41.9208336529678,50.0364535525817
467,DN14,2014,sparse,32,32053,RIL_005,unknown,5.31838065671325,25.323981363615,20.223662655755
468,DN14,2014,sparse,32,32054,RIL_184,unknown,6.36703192773457,32.4845960914855,36.2222654880644
469,DN14,2014,sparse,32,32055,RIL_110,unknown,10.4005691258636,39.6628582238371,40.8677386692646
470,DN14,2014,sparse,32,32056,B100,unknown,6.52903470829544,46.4245757585639,54.4577133197578
471,DN14,2014,sparse,32,32057,RIL_055,unknown,12.2669173243461,47.6260367711391,49.0580626925315
472,DN14,2014,sparse,32,32058,RIL_171,unknown,6.49151544019269,28.6527269417496,30.7037782731916
473,DN14,2014,sparse,32,32059,RIL_201,unknown,12.8412600575623,62.9524981474068,59.5573382607328
474,DN14,2014,sparse,32,32060,RIL_112,unknown,10.9832559923246,40.0600693066476,44.2494139500968
475,DN14,2014,sparse,32,32061,RIL_187,unknown,7.43765798349589,39.294847275961,40.4944524727689
476,DN14,2014,sparse,32,32062,RIL_164,unknown,11.3267219481023,34.15253209612,35.8204909789863
477,DN14,2014,sparse,32,32063,RIL_094,unknown,8.50638456567049,50.1983848553205,55.6510011654323
478,DN14,2014,sparse,32,32064,RIL_141,unknown,9.05479041076278,35.9172237130588,40.1125554807491
479,DN14,2014,sparse,32,32065,RIL_069,unknown,8.66300087961132,42.2168776896002,43.908036738872
480,DN14,2014,sparse,32,32066,RIL_067,unknown,11.1298774457332,42.6212135345595,47.9262678709961
481,DN14,2014,sparse,32,32067,RIL_127,unknown,6.06569363397182,36.9625239470648,40.8773867890401
482,DN14,2014,sparse,32,32068,RIL_030,unknown,5.72627537166689,34.6498950024327,36.8148191458859
483,DN14,2014,sparse,32,32069,B100,unknown,6.52903470829544,46.4245757585639,54.4577133197578
484,DN14,2014,sparse,32,32070,RIL_091,unknown,8.50448509208379,31.0488771970646,27.2999338614497
485,DN14,2014,sparse,32,32071,B100,unknown,6.52903470829544,46.4245757585639,54.4577133197578
486,DN14,2014,sparse,32,32072,RIL_078,unknown,6.83118244879696,31.1422365981711,33.0997361826483
487,DN14,2014,sparse,32,32073,RIL_093,unknown,6.11591668293228,28.8998764591836,34.409610049595
488,DN14,2014,sparse,32,32074,RIL_018,unknown,6.39916472921729,36.7768203675279,40.5200405255778
489,DN14,2014,sparse,32,32075,RIL_169,unknown,5.88693937908048,32.0154180974314,31.731908355483
490,DN14,2014,sparse,32,32076,RIL_203,unknown,5.96739575593696,33.7057618146047,36.3055631673285
491,DN14,2014,sparse,32,32077,RIL_034,unknown,6.40282866562372,36.7912733622333,40.6757084198886
492,DN14,2014,sparse,32,32078,B100,unknown,6.52903470829544,46.4245757585639,54.4577133197578
493,DN14,2014,sparse,32,32079,RIL_064,unknown,6.35703706720235,34.6407215915153,34.5928174778549
494,DN14,2014,sparse,32,32080,RIL_121,unknown,7.61856045827328,38.2617661209005,37.3650535781664
495,DN14,2014,sparse,32,32081,RIL_048,unknown,3.82994259158774,23.1502084591042,31.0156889613855
496,DN14,2014,sparse,32,32082,RIL_144,unknown,9.16118367574316,42.017589265272,43.0714505520025
497,DN14,2014,sparse,32,32083,RIL_029,unknown,10.2720379199327,57.684227220327,60.0861828683841
498,DN14,2014,sparse,32,32084,RIL_178,unknown,5.99738033753362,26.3706456944811,26.2947813355527
499,DN14,2014,sparse,32,32085,RIL_038,unknown,9.00051966832956,41.8671953601424,44.1216571552233
500,DN14,2014,sparse,32,32086,RIL_195,unknown,6.76476862594548,32.0259390707779,36.423304904084
501,DN14,2014,sparse,32,32087,RIL_197,unknown,6.64623228054683,34.3901758628835,36.2672123958059
502,DN14,2014,sparse,32,32088,RIL_220,unknown,9.21760263806241,45.6912568648067,46.2848192625674
503,DN14,2014,sparse,32,32089,RIL_199,unknown,8.95434431284185,45.2387093835718,47.7251067257921
504,DN14,2014,sparse,32,32090,RIL_149,unknown,11.9253508421551,37.9514725599705,41.2098171363917
505,DN14,2014,sparse,32,32091,RIL_170,unknown,12.9778866504387,71.8058210465416,69.9442306868863
506,DN14,2014,sparse,32,32092,RIL_043,unknown,8.10460017398682,47.9750362176741,53.5419771634665
507,DN14,2014,sparse,32,32093,B100,unknown,6.52903470829544,46.4245757585639,54.4577133197578
508,DN14,2014,sparse,32,32094,RIL_124,unknown,6.10554519988022,31.3835979054602,34.7648181737783
509,DN14,2014,sparse,32,32095,RIL_033,unknown,5.59369647226325,25.0747997318432,29.7926251809771
510,DN14,2014,sparse,32,32096,RIL_023,unknown,7.68282606123871,48.4873315312071,NA
511,DN14,2014,sparse,32,32097,RIL_179,unknown,9.13119909414649,46.3648175999857,45.3852698356308
512,DN14,2014,sparse,32,32098,RIL_081,unknown,7.23486631406734,50.5378785511849,53.4428304103599
513,DN14,2014,sparse,32,32099,RIL_072,unknown,5.26427307049054,37.6234187413973,37.8511330961613
514,DN14,2014,sparse,32,32100,RIL_216,unknown,7.25295656154508,29.9173423241008,32.5584794842345
515,DN14,2014,sparse,32,32101,RIL_101,unknown,9.9488104315188,50.187180999051,55.7848954235965
516,DN14,2014,sparse,32,32103,RIL_120,unknown,6.46962624554154,36.7931185405941,37.6535743420278
517,DN14,2014,sparse,32,32104,RIL_125,unknown,5.86694965801604,45.8043106501771,44.8955561811774
518,DN14,2014,sparse,32,32105,RIL_082,unknown,7.41362056895868,37.717557344158,37.8447821691005
519,DN14,2014,sparse,32,32106,RIL_219,unknown,8.88008384934419,31.2630980286131,34.970499055909
520,DN14,2014,sparse,32,32107,A10,unknown,7.80436476228835,16.0016399192408,NA
521,DN14,2014,sparse,32,32108,RIL_020,unknown,11.7023207053628,66.1556219870415,65.2950492581252
522,DN14,2014,sparse,32,32109,RIL_194,unknown,8.58684094252697,41.1415912781495,40.3974584185433
523,DN14,2014,sparse,32,32110,A10,unknown,7.80436476228835,16.0016399192408,NA
524,DN14,2014,sparse,32,32111,RIL_115,unknown,7.68877322829818,30.9107023708803,32.2667223922505
525,DN14,2014,sparse,32,32112,RIL_096,unknown,7.54619946836232,34.357247176998,34.5262509713227
526,DN14,2014,sparse,32,32113,RIL_185,unknown,7.23081862059459,43.5188331917107,42.0599916532456
527,DN14,2014,sparse,32,32114,RIL_025,unknown,7.32721702504275,41.0863580393125,34.687841426976
528,DN14,2014,sparse,32,32115,RIL_011,unknown,6.76286915235877,37.2900191258503,38.8200875494167
529,DN14,2014,sparse,32,32116,RIL_208,unknown,9.02265760928006,46.7579495886755,46.2920557900964
530,DN14,2014,sparse,32,32117,RIL_085,unknown,8.5304219802077,26.472495623582,29.43945061326
531,DN14,2014,sparse,32,32118,RIL_056,unknown,6.87925727787138,33.4114158835712,35.5417100694861
532,DN14,2014,sparse,32,32119,RIL_053,unknown,6.42693838804321,32.8706033180266,42.3869866686034
533,DN14,2014,sparse,32,32120,RIL_031,unknown,10.5193542175616,37.5196346856756,41.6170261020689
534,DN14,2014,sparse,32,32121,RIL_129,unknown,6.38512217521231,39.0398901134554,40.1493802604935
535,DN14,2014,sparse,32,32122,RIL_036,unknown,8.7896326119555,38.2814605051644,41.5077271266631
536,DN14,2014,sparse,32,32123,B100,unknown,6.52903470829544,46.4245757585639,54.4577133197578
537,DN14,2014,sparse,32,32124,RIL_035,unknown,NA,39.3050359095544,38.4350150938665
538,DN14,2014,sparse,32,32125,RIL_087,unknown,6.87735780428466,20.368733860171,NA
539,DN14,2014,sparse,32,32126,A10,unknown,7.80436476228835,16.0016399192408,NA
540,DN14,2014,sparse,32,32127,RIL_218,unknown,NA,31.3795480251813,35.9478190955303
541,DN14,2014,sparse,32,32128,RIL_168,unknown,6.34489398678408,37.777988059379,40.3061149108709
542,DN14,2014,sparse,32,32129,RIL_200,unknown,6.32490426571963,43.2292492377208,42.526834920887
543,DN14,2014,sparse,32,32130,RIL_019,unknown,8.62682038465585,34.7689402076188,38.1017308914348
544,DN14,2014,sparse,32,32131,RIL_113,unknown,10.4407973142918,37.5447557264894,37.2828540877458
545,DN14,2014,sparse,32,32132,RIL_128,unknown,8.94030175883689,48.0320707216973,48.4573860313182
546,DN14,2014,sparse,32,32133,RIL_193,unknown,8.61087835706416,45.7014454984001,49.8130915310799
547,DN14,2014,sparse,32,32134,RIL_161,unknown,4.49283708860592,30.693085328134,38.4010314600927
548,DN14,2014,sparse,32,32135,RIL_066,unknown,7.63665070575101,39.6954545699693,40.7584233834674
549,DN14,2014,sparse,32,32136,RIL_196,unknown,11.0253836543396,29.7937675653839,33.8283831025052
550,DN14,2014,sparse,32,32137,RIL_160,unknown,8.60894524841824,48.6289182852857,44.8342869797213
551,DN14,2014,sparse,32,32138,RIL_116,unknown,7.75708652473637,32.697801700358,38.0006303436151
552,DN14,2014,sparse,32,32139,RIL_006,unknown,8.58446444084676,39.3249358548195,41.6288102754844
553,DN14,2014,sparse,32,32140,RIL_070,unknown,6.80499681437372,31.3554422070435,36.379151862225
554,DN14,2014,sparse,32,32141,RIL_092,unknown,9.07882782529999,40.7787778066575,40.7681032486311
555,DN14,2014,sparse,32,32142,RIL_106,unknown,5.54942059036225,34.1637359523895,34.687718822397
556,DN14,2014,sparse,32,32143,RIL_075,unknown,5.74841331261738,17.0888811322491,NA
557,DN14,2014,sparse,32,32144,A10,unknown,7.80436476228835,16.0016399192408,NA
558,DN14,2014,sparse,32,32145,RIL_159,unknown,7.22272323364907,37.4635795341668,38.774804573326
559,DN14,2014,sparse,32,32146,RIL_180,unknown,9.30590565556506,42.0512008340804,42.5480867059404
560,DN14,2014,sparse,32,32147,RIL_210,unknown,NA,46.4452750392238,55.2741743178531
561,DN14,2014,sparse,32,32148,RIL_059,unknown,7.61856045827328,45.2835248086495,44.6549434494232
562,DN14,2014,sparse,32,32149,RIL_077,unknown,5.82267377611505,36.7064614412594,36.8779041151373
563,DN14,2014,sparse,32,32150,RIL_105,unknown,7.99415921553369,38.0945112782563,39.1236326512445
564,DN14,2014,sparse,32,32151,RIL_099,unknown,6.65027997401958,35.7376296729946,35.2724401155802
565,DN14,2014,sparse,32,32152,RIL_026,unknown,7.13442021614643,35.688402814043,38.6786824353613
566,DN14,2014,sparse,32,32153,RIL_175,unknown,8.77154236447777,34.9696943140331,36.2364942093589
567,DN14,2014,sparse,32,32154,RIL_134,unknown,8.47829945766052,48.979600120723,57.2899764416276
568,DN14,2014,sparse,32,32155,RIL_014,unknown,7.24890886807233,36.0693157237875,43.7096232542637
569,DN14,2014,sparse,32,32156,A10,unknown,NA,16.0016399192408,NA
570,DN14,2014,sparse,32,32157,RIL_126,unknown,7.98226488141476,27.7663111408678,NA
571,DN14,2014,sparse,32,32158,RIL_206,unknown,10.1737400418978,39.0735016822637,41.472291174516
572,DN14,2014,sparse,32,32159,RIL_024,unknown,7.16060585056968,39.5460758875157,40.4036113168308
573,DN14,2014,sparse,32,32160,B100,unknown,6.52903470829544,46.4245757585639,54.4577133197578
574,DN14,2014,sparse,32,32161,RIL_037,unknown,8.66110140602463,36.8640702291617,40.8270354192983
575,DN14,2014,sparse,32,32162,RIL_004,unknown,8.06111299357138,37.4938307619389,42.1633220749299
576,DN14,2014,sparse,32,32163,RIL_172,unknown,11.3928870246545,43.4298852244781,46.1128494366375
577,DN14,2014,sparse,32,32164,RIL_013,unknown,6.7507260719405,35.9900735220749,38.864973592566
578,DN14,2014,sparse,32,32165,RIL_143,unknown,8.15292374936057,44.6632700265428,47.9245266646584
579,DN14,2014,sparse,32,32166,RIL_049,unknown,8.7877331383688,35.8758044991789,38.0774553666342
580,DN14,2014,sparse,32,32167,B100,unknown,6.52903470829544,46.4245757585639,54.4577133197578
581,DN14,2014,sparse,32,32168,RIL_153,unknown,7.67687889417924,42.3384118241426,37.7175131663594
582,DN14,2014,sparse,32,32169,B100,unknown,6.52903470829544,46.4245757585639,54.4577133197578
583,DN14,2014,sparse,32,32170,RIL_207,unknown,6.86116703039364,43.6087963816194,44.0312446776146
584,DN14,2014,sparse,32,32171,RIL_015,unknown,5.21000232805732,19.0480991964726,21.7126520169695
585,DN14,2014,sparse,32,32172,RIL_146,unknown,8.04438226449414,44.2823571167984,42.0520066894295
586,DN14,2014,sparse,32,32173,RIL_041,unknown,6.21446330726648,33.2232657919831,35.8145061148734
587,DN14,2014,sparse,32,32174,RIL_154,unknown,5.85885427107052,24.0322128261121,25.4134753889191
588,DN14,2014,sparse,32,32175,RIL_176,unknown,4.96888194378725,26.577058880958,27.4547447117129
589,DN14,2014,sparse,32,32176,RIL_063,unknown,NA,33.1194509410595,38.5396880381578
590,DN14,2014,sparse,32,32177,RIL_114,unknown,6.32085657224687,37.9626764162399,42.6060415415538
591,DN14,2014,sparse,32,32178,RIL_182,unknown,6.4515359980638,52.7001135906874,51.7911541554378
592,DN14,2014,sparse,32,32179,A10,unknown,NA,16.0016399192408,NA
593,DN14,2014,sparse,32,32180,RIL_103,unknown,NA,25.981925139665,27.0110461592458
594,DN14,2014,sparse,32,32181,RIL_209,unknown,10.553386492631,47.711588527174,44.7066990817589
595,DN14,2014,sparse,32,32182,RIL_158,unknown,6.08783157492232,35.052532741793,37.7252383614153
596,DN14,2014,sparse,32,32183,RIL_084,unknown,9.36207587158499,38.2176335787456,43.067939020123
597,DN14,2014,sparse,32,32184,RIL_211,unknown,6.48556827313323,39.3240474108955,41.585117116798
598,DN14,2014,sparse,32,32185,RIL_152,unknown,9.85835919413011,39.8855695833801,44.5341488537165
599,DN14,2014,sparse,32,32186,RIL_057,unknown,4.78013282836369,30.4493320218978,42.4579494320885
600,DN14,2014,sparse,32,32187,A10,unknown,7.80436476228835,16.0016399192408,NA
601,DN14,2014,sparse,32,32188,RIL_010,unknown,5.51538831529282,39.742983323322,43.0270986059756
602,DN14,2014,sparse,32,32189,RIL_217,unknown,7.00588901021555,24.6351542124767,26.1428861800598
603,DN14,2014,sparse,32,32190,RIL_060,unknown,6.43939291764553,39.7266851502559,43.0777097444776
604,DN14,2014,sparse,32,32191,RIL_008,unknown,9.18142214310693,44.9195929548942,49.2545215070322
605,DN14,2014,sparse,32,32192,RIL_138,unknown,6.44534008470499,33.4545332030501,33.6545803356519
606,DN14,2014,sparse,32,32193,RIL_212,unknown,8.51714220395158,43.1286043557277,44.6579097764174
607,DN14,2014,sparse,32,32194,RIL_137,unknown,10.3765317113264,50.7945338192894,56.8728741470168
608,DN14,2014,sparse,32,32195,RIL_167,unknown,6.62219486600962,33.3180564824648,35.2993261367954
609,DN14,2014,sparse,32,32196,RIL_118,unknown,5.89098707255324,41.8940145065551,46.9147489830416
610,DN14,2014,sparse,32,32197,RIL_215,unknown,8.43402357575954,61.5093039476673,59.3973527226307
611,DN14,2014,sparse,32,32198,RIL_095,unknown,10.3303563558387,42.140148801313,47.921535545694
612,DN14,2014,sparse,32,32199,B100,unknown,6.52903470829544,46.4245757585639,54.4577133197578
613,DN14,2014,sparse,32,32200,RIL_119,unknown,7.15251046362417,44.6554623814712,40.1869380415282
614,DN14,2014,sparse,32,32201,RIL_130,unknown,7.94798386004598,34.4047759303507,41.975838368112
615,DN14,2014,sparse,32,32203,RIL_181,unknown,5.30640073250548,24.4545449497365,29.5652038462661
616,DN14,2014,sparse,32,32204,RIL_174,unknown,5.4530221859141,25.2795148127212,26.8191661954748
617,DN14,2014,sparse,32,32205,RIL_163,unknown,5.4068468304264,28.0956162031388,NA
618,DN14,2014,sparse,32,32206,RIL_107,unknown,13.3596813210579,47.3011431427419,47.5340197525091
619,DN14,2014,sparse,32,32207,RIL_068,unknown,4.5340692511549,29.1317181140708,28.4834393234227
620,DN14,2014,sparse,32,32208,RIL_109,unknown,7.89776081108553,42.8225324042397,47.7822359501348
621,DN14,2014,sparse,32,32209,RIL_071,unknown,9.71363721430818,49.1075863133138,54.9148742596777
622,DN14,2014,sparse,32,32210,RIL_100,unknown,8.86692801996533,56.8648865032215,62.143603837192
623,DN14,2014,sparse,34,34001,B100,unknown,6.03179490324663,49.4353598141974,NA
624,DN14,2014,sparse,34,34002,RIL_103,unknown,4.88567699650071,28.9927091952985,NA
625,DN14,2014,sparse,34,34003,RIL_110,unknown,9.90332932081478,42.6736422794705,NA
626,DN14,2014,sparse,34,34004,RIL_017,unknown,8.56944528931259,45.7885010347954,NA
627,DN14,2014,sparse,34,34005,A10,unknown,7.30712495723954,19.0124239748743,NA
628,DN14,2014,sparse,34,34006,RIL_216,unknown,6.75571675649628,32.9281263797343,NA
629,DN14,2014,sparse,34,34007,RIL_127,unknown,5.56845382892302,39.9733080026983,NA
630,DN14,2014,sparse,34,34008,RIL_207,unknown,6.36392722534483,46.6195804372529,NA
631,DN14,2014,sparse,34,34009,RIL_063,unknown,5.38990078364597,36.130234996693,NA
632,DN14,2014,sparse,34,34010,RIL_018,unknown,5.90192492416849,39.7876044231614,NA
633,DN14,2014,sparse,34,34011,B100,unknown,6.03179490324663,49.4353598141974,NA
634,DN14,2014,sparse,34,34013,RIL_185,unknown,6.73357881554578,46.5296172473442,NA
635,DN14,2014,sparse,34,34014,RIL_178,unknown,5.50014053248482,29.3814297501145,NA
636,DN14,2014,sparse,34,34015,A10,unknown,7.30712495723954,19.0124239748743,NA
637,DN14,2014,sparse,34,34016,RIL_082,unknown,6.91638076390988,40.7283413997915,NA
638,DN14,2014,sparse,34,34017,RIL_176,unknown,4.47164213873845,29.5878429365914,NA
639,DN14,2014,sparse,34,34018,RIL_085,unknown,8.0331821751589,29.4832796792155,NA
640,DN14,2014,sparse,34,34019,RIL_101,unknown,9.45157062647,53.1979650546845,NA
641,DN14,2014,sparse,34,34020,B100,unknown,6.03179490324663,49.4353598141974,NA
642,DN14,2014,sparse,34,34021,RIL_109,unknown,7.40052100603673,45.8333164598732,NA
643,DN14,2014,sparse,34,34022,RIL_141,unknown,8.55755060571397,38.9280077686923,NA
644,DN14,2014,sparse,34,34023,RIL_187,unknown,6.94041817844708,42.3056313315944,NA
645,DN14,2014,sparse,34,34024,RIL_135,unknown,NA,31.1892386865321,NA
646,DN14,2014,sparse,34,34025,RIL_056,unknown,6.38201747282257,36.4221999392047,NA
647,DN14,2014,sparse,34,34026,RIL_102,unknown,6.29966162237939,35.8175604472412,NA
648,DN14,2014,sparse,34,34027,RIL_212,unknown,8.01990239890277,46.1393884113612,NA
649,DN14,2014,sparse,34,34028,RIL_099,unknown,6.15304016897078,38.7484137286281,NA
650,DN14,2014,sparse,34,34029,RIL_084,unknown,8.86483606653619,41.228417634379,NA
651,DN14,2014,sparse,34,34030,A10,unknown,7.30712495723954,19.0124239748743,NA
652,DN14,2014,sparse,34,34031,RIL_152,unknown,9.36111938908131,42.8963536390135,NA
653,DN14,2014,sparse,34,34032,RIL_117,unknown,7.07299707785072,NA,NA
654,DN14,2014,sparse,34,34033,RIL_159,unknown,6.72548342860027,NA,NA
655,DN14,2014,sparse,34,34034,RIL_161,unknown,3.99559728355712,33.7038693837674,NA
656,DN14,2014,sparse,34,34035,RIL_038,unknown,8.50327986328076,44.8779794157758,NA
657,DN14,2014,sparse,34,34036,RIL_156,unknown,5.17476482418487,38.2344203094962,NA
658,DN14,2014,sparse,34,34037,RIL_089,unknown,9.17212152735842,49.4078474585817,NA
659,DN14,2014,sparse,34,34038,A10,unknown,7.30712495723954,19.0124239748743,NA
660,DN14,2014,sparse,34,34039,RIL_162,unknown,6.66526551910759,23.0997720522382,NA
661,DN14,2014,sparse,34,34040,RIL_196,unknown,10.5281438492908,32.8045516210173,NA
662,DN14,2014,sparse,34,34041,RIL_154,unknown,5.36161446602172,27.0429968817456,NA
663,DN14,2014,sparse,34,34042,RIL_136,unknown,6.89829051643213,31.2435598622805,NA
664,DN14,2014,sparse,34,34044,A10,unknown,7.30712495723954,19.0124239748743,NA
665,DN14,2014,sparse,34,34045,RIL_148,unknown,7.29197952117029,36.19168093459,NA
666,DN14,2014,sparse,34,34046,RIL_104,unknown,5.97213769419338,44.9316177086013,NA
667,DN14,2014,sparse,34,34047,RIL_211,unknown,5.98832846808442,42.334831466529,NA
668,DN14,2014,sparse,34,34048,RIL_046,unknown,4.67253433458028,30.3255629379424,NA
669,DN14,2014,sparse,34,34049,RIL_172,unknown,10.8956472196057,46.4406692801115,NA
670,DN14,2014,sparse,34,34050,RIL_019,unknown,8.12958057960704,NA,NA
671,DN14,2014,sparse,34,34051,RIL_006,unknown,8.08722463579796,42.335719910453,NA
672,DN14,2014,sparse,34,34052,RIL_168,unknown,5.84765418173527,40.7887721150125,NA
673,DN14,2014,sparse,34,34053,RIL_139,unknown,4.29288788384711,29.3313626618384,NA
674,DN14,2014,sparse,34,34054,RIL_008,unknown,8.68418233805813,47.9303770105276,NA
675,DN14,2014,sparse,34,34055,RIL_014,unknown,6.75166906302353,39.0800997794209,NA
676,DN14,2014,sparse,34,34056,RIL_037,unknown,8.16386160097583,39.8748542847951,NA
677,DN14,2014,sparse,34,34057,RIL_026,unknown,6.63718041109762,38.6991868696765,NA
678,DN14,2014,sparse,34,34058,RIL_043,unknown,7.60736036893802,50.9858202733075,NA
679,DN14,2014,sparse,34,34059,RIL_004,unknown,NA,40.5046148175724,NA
680,DN14,2014,sparse,34,34060,RIL_070,unknown,6.30775700932491,34.366226262677,NA
681,DN14,2014,sparse,34,34061,RIL_053,unknown,5.9296985829944,35.8813873736601,NA
682,DN14,2014,sparse,34,34062,RIL_093,unknown,5.61867687788348,31.910660514817,NA
683,DN14,2014,sparse,34,34064,RIL_112,unknown,10.4860161872758,43.0708533622811,NA
684,DN14,2014,sparse,34,34066,RIL_087,unknown,6.38011799923586,23.3795179158045,NA
685,DN14,2014,sparse,34,34067,RIL_076,unknown,8.27025486595619,46.2349389765576,NA
686,DN14,2014,sparse,34,34068,RIL_210,unknown,5.90487638120902,49.4560590948572,NA
687,DN14,2014,sparse,34,34069,B100,unknown,6.03179490324663,49.4353598141974,NA
688,DN14,2014,sparse,34,34070,RIL_199,unknown,8.45710450779305,48.2494934392052,NA
689,DN14,2014,sparse,34,34071,RIL_163,unknown,4.90960702537759,31.1064002587723,NA
690,DN14,2014,sparse,34,34072,RIL_022,unknown,6.56481942118667,48.9671867165391,NA
691,DN14,2014,sparse,34,34073,RIL_171,unknown,5.99427563514389,31.663510997383,NA
692,DN14,2014,sparse,34,34074,RIL_044,unknown,7.91679404964628,46.0743564378344,NA
693,DN14,2014,sparse,34,34076,RIL_027,unknown,6.55077686718169,41.2172137781096,NA
694,DN14,2014,sparse,34,34077,RIL_195,unknown,6.26752882089668,35.0367231264114,NA
695,DN14,2014,sparse,34,34078,RIL_013,unknown,6.2534862668917,NA,NA
696,DN14,2014,sparse,34,34079,RIL_002,unknown,8.70632027900865,47.4493122772812,NA
697,DN14,2014,sparse,34,34080,RIL_114,unknown,5.82361676719807,40.9734604718734,NA
698,DN14,2014,sparse,34,34081,RIL_064,unknown,5.85979726215355,37.6515056471487,NA
699,DN14,2014,sparse,34,34082,RIL_128,unknown,8.44306195378808,51.0428547773308,NA
700,DN14,2014,sparse,34,34083,RIL_047,unknown,7.4828768564799,36.5155593403112,NA
701,DN14,2014,sparse,34,34084,RIL_074,unknown,6.7195362615408,37.113406409879,NA
702,DN14,2014,sparse,34,34085,RIL_134,unknown,7.98105965261172,51.9903841763565,NA
703,DN14,2014,sparse,34,34086,RIL_081,unknown,6.73762650901854,53.5486626068184,NA
704,DN14,2014,sparse,34,34087,B100,unknown,6.03179490324663,49.4353598141974,NA
705,DN14,2014,sparse,34,34088,RIL_098,unknown,9.82097347037162,43.5045555120514,NA
706,DN14,2014,sparse,34,34089,RIL_201,unknown,12.3440202525134,65.9632822030402,NA
707,DN14,2014,sparse,34,34090,RIL_183,unknown,6.05664176452262,35.5955319706211,NA
708,DN14,2014,sparse,34,34091,RIL_057,unknown,4.28289302331489,33.4601160775313,NA
709,DN14,2014,sparse,34,34092,RIL_174,unknown,4.95578238086529,28.2902988683547,NA
710,DN14,2014,sparse,34,34093,RIL_116,unknown,7.25984671968757,35.7085857559915,NA
711,DN14,2014,sparse,34,34094,RIL_033,unknown,5.09645666721444,28.0855837874767,NA
712,DN14,2014,sparse,34,34095,RIL_206,unknown,9.67650023684904,42.0842857378972,NA
713,DN14,2014,sparse,34,34096,RIL_010,unknown,5.01814851024402,42.7537673789555,NA
714,DN14,2014,sparse,34,34097,RIL_062,unknown,9.59604385999258,48.110303390345,NA
715,DN14,2014,sparse,34,34098,RIL_219,unknown,8.38284404429539,34.2738820842466,NA
716,DN14,2014,sparse,34,34099,A10,unknown,7.30712495723954,19.0124239748743,NA
717,DN14,2014,sparse,34,34100,RIL_149,unknown,11.4281110371063,40.962256615604,NA
718,DN14,2014,sparse,34,34101,RIL_130,unknown,7.45074405499718,37.4155599859842,NA
719,DN14,2014,sparse,34,34102,B100,unknown,6.03179490324663,49.4353598141974,NA
720,DN14,2014,sparse,34,34103,A10,unknown,7.30712495723954,19.0124239748743,NA
721,DN14,2014,sparse,34,34104,RIL_060,unknown,5.94215311259672,42.7374692058893,NA
722,DN14,2014,sparse,34,34105,RIL_039,unknown,10.1646881724486,30.5007455441328,NA
723,DN14,2014,sparse,34,34106,RIL_113,unknown,9.943557509243,40.5555397821229,NA
724,DN14,2014,sparse,34,34107,RIL_096,unknown,7.04895966331352,37.3680312326315,NA
725,DN14,2014,sparse,34,34108,RIL_049,unknown,8.29049333331999,38.8865885548124,NA
726,DN14,2014,sparse,34,34109,RIL_213,unknown,8.573741379605,59.9701932364778,NA
727,DN14,2014,sparse,34,34110,RIL_024,unknown,6.66336604552088,42.5568599431491,NA
728,DN14,2014,sparse,34,34111,RIL_146,unknown,7.54714245944534,47.2931411724319,NA
729,DN14,2014,sparse,34,34112,A10,unknown,7.30712495723954,19.0124239748743,NA
730,DN14,2014,sparse,34,34113,RIL_220,unknown,8.72036283301361,48.7020409204401,NA
731,DN14,2014,sparse,34,34114,RIL_001,unknown,10.510053601813,56.5850943682572,NA
732,DN14,2014,sparse,34,34116,RIL_067,unknown,10.6326376406844,45.631997590193,NA
733,DN14,2014,sparse,34,34117,RIL_218,unknown,5.66746563445879,34.3903320808148,NA
734,DN14,2014,sparse,34,34118,RIL_016,unknown,6.79379672503846,40.1097847232836,NA
735,DN14,2014,sparse,34,34119,A10,unknown,7.30712495723954,19.0124239748743,NA
736,DN14,2014,sparse,34,34120,RIL_170,unknown,12.4806468453899,74.8166051021751,NA
737,DN14,2014,sparse,34,34121,RIL_144,unknown,8.66394387069436,45.0283733209055,NA
738,DN14,2014,sparse,34,34122,RIL_184,unknown,5.86979212268577,35.495380147119,NA
739,DN14,2014,sparse,34,34123,RIL_011,unknown,6.26562934730997,NA,NA
740,DN14,2014,sparse,34,34124,RIL_194,unknown,8.08960113747816,NA,NA
741,DN14,2014,sparse,34,34125,RIL_078,unknown,6.33394264374816,34.1530206538045,NA
742,DN14,2014,sparse,34,34127,RIL_041,unknown,5.71722350221768,NA,NA
743,DN14,2014,sparse,34,34128,RIL_181,unknown,4.80916092745668,27.46532900537,NA
744,DN14,2014,sparse,34,34129,RIL_221,unknown,6.10686481348308,NA,NA
745,DN14,2014,sparse,34,34130,RIL_158,unknown,5.59059176987351,38.0633167974265,NA
746,DN14,2014,sparse,34,34131,RIL_197,unknown,6.14899247549802,37.4009599185169,NA
747,DN14,2014,sparse,34,34132,RIL_031,unknown,10.0221144125128,40.5304187413091,NA
748,DN14,2014,sparse,34,34133,RIL_071,unknown,9.21639740925938,52.1183703689473,NA
749,DN14,2014,sparse,34,34134,RIL_091,unknown,8.00724528703499,34.059661252698,NA
750,DN14,2014,sparse,34,34135,RIL_142,unknown,7.21367136419987,38.6828886966103,NA
751,DN14,2014,sparse,34,34136,RIL_157,unknown,7.95297454460176,38.4659545367869,NA
752,DN14,2014,sparse,34,34137,RIL_217,unknown,6.50864920516675,27.6459382681102,NA
753,DN14,2014,sparse,34,34138,RIL_092,unknown,8.58158802025119,43.7895618622909,NA
754,DN14,2014,sparse,34,34139,RIL_180,unknown,8.80866585051625,45.0619848897138,NA
755,DN14,2014,sparse,34,34140,RIL_052,unknown,6.32584725680265,45.7659271523799,NA
756,DN14,2014,sparse,34,34141,RIL_075,unknown,5.25117350756858,20.0996651878826,NA
757,DN14,2014,sparse,34,34142,RIL_203,unknown,5.47015595088816,36.7165458702382,NA
758,DN14,2014,sparse,34,34143,RIL_182,unknown,5.954296193015,55.7108976463209,NA
759,DN14,2014,sparse,34,34144,RIL_025,unknown,6.82997721999395,44.0971420949459,NA
760,DN14,2014,sparse,34,34145,B100,unknown,6.03179490324663,49.4353598141974,NA
761,DN14,2014,sparse,34,34146,RIL_126,unknown,7.48502507636596,30.7770951965013,NA
762,DN14,2014,sparse,34,34147,BLANK,unknown,6.94708964286314,NA,NA
763,DN14,2014,sparse,34,34148,RIL_167,unknown,6.12495506096082,36.3288405380982,NA
764,DN14,2014,sparse,34,34149,RIL_119,unknown,6.65527065857536,47.6662464371046,NA
765,DN14,2014,sparse,34,34150,RIL_200,unknown,5.82766446067083,46.2400332933542,NA
766,DN14,2014,sparse,34,34152,RIL_015,unknown,4.71276252300852,22.058883252106,NA
767,DN14,2014,sparse,34,34154,RIL_095,unknown,9.83311655078989,45.1509328569465,NA
768,DN14,2014,sparse,34,34155,RIL_118,unknown,5.39374726750444,44.9047985621885,NA
769,DN14,2014,sparse,34,34156,RIL_129,unknown,5.8878823701635,42.0506741690888,NA
770,DN14,2014,sparse,34,34157,RIL_105,unknown,7.49691941048488,NA,NA
771,DN14,2014,sparse,34,34158,RIL_034,unknown,5.90558886057491,39.8020574178668,NA
772,DN14,2014,sparse,34,34159,RIL_077,unknown,5.32543397106624,NA,NA
773,DN14,2014,sparse,34,34160,RIL_193,unknown,8.11363855201536,48.7122295540335,NA
774,DN14,2014,sparse,34,34161,RIL_048,unknown,3.33270278653894,26.1609925147377,NA
775,DN14,2014,sparse,34,34162,RIL_030,unknown,5.22903556661808,37.6606790580661,NA
776,DN14,2014,sparse,34,34163,RIL_164,unknown,10.8294821430535,37.1633161517535,NA
777,DN14,2014,sparse,34,34164,RIL_059,unknown,7.12132065322447,48.294308864283,NA
778,DN14,2014,sparse,34,34165,RIL_222,unknown,4.70871482953576,30.0420885234252,NA
779,DN14,2014,sparse,34,34166,A10,unknown,7.30712495723954,19.0124239748743,NA
780,DN14,2014,sparse,34,34167,RIL_215,unknown,7.93678377071074,64.5200880033008,NA
781,DN14,2014,sparse,34,34168,RIL_020,unknown,11.2050809003139,69.1664060426749,NA
782,DN14,2014,sparse,34,34169,RIL_143,unknown,7.65568394431176,47.6740540821763,NA
783,DN14,2014,sparse,34,34170,RIL_029,unknown,9.77479811488389,60.6950112759605,NA
784,DN14,2014,sparse,34,34171,RIL_086,unknown,6.90004937748144,40.1761588081008,NA
785,DN14,2014,sparse,34,34172,RIL_125,unknown,5.36970985296723,48.8150947058105,NA
786,DN14,2014,sparse,34,34173,RIL_115,unknown,7.19153342324938,33.9214864265138,NA
787,DN14,2014,sparse,34,34174,RIL_023,unknown,7.18558625618991,51.4981155868406,NA
788,DN14,2014,sparse,34,34175,RIL_150,unknown,6.03450382357213,33.0265800976375,NA
789,DN14,2014,sparse,34,34176,B100,unknown,6.03179490324663,49.4353598141974,NA
790,DN14,2014,sparse,34,34177,RIL_153,unknown,7.17963908913044,45.349195879776,NA
791,DN14,2014,sparse,34,34178,RIL_120,unknown,5.97238644049273,39.8039025962275,NA
792,DN14,2014,sparse,34,34179,B100,unknown,6.03179490324663,NA,NA
793,DN14,2014,sparse,34,34180,RIL_189,unknown,11.9222461397654,51.0082279858464,NA
794,DN14,2014,sparse,34,34181,A10,unknown,7.30712495723954,19.0124239748743,NA
795,DN14,2014,sparse,34,34182,RIL_040,unknown,10.6647704421672,57.6595947371977,NA
796,DN14,2014,sparse,34,34183,RIL_175,unknown,8.27430255942897,37.9804783696666,NA
797,DN14,2014,sparse,34,34184,RIL_106,unknown,5.05218078531345,37.1745200080229,NA
798,DN14,2014,sparse,34,34185,RIL_179,unknown,8.63395928909769,49.3756016556191,NA
799,DN14,2014,sparse,34,34187,RIL_140,unknown,8.13767596655256,41.2861350213252,NA
800,DN14,2014,sparse,34,34188,RIL_054,unknown,5.29300516470924,NA,NA
801,DN14,2014,sparse,34,34189,RIL_137,unknown,9.87929190627758,53.8053178749229,NA
802,DN14,2014,sparse,34,34190,RIL_050,unknown,10.1584922590898,48.6086815193336,NA
803,DN14,2014,sparse,34,34191,RIL_209,unknown,10.0561466875822,50.7223725828074,NA
804,DN14,2014,sparse,34,34192,RIL_055,unknown,11.7696775192973,50.6368208267726,NA
805,DN14,2014,sparse,34,34193,RIL_051,unknown,12.9588399204572,59.1374157284215,NA
806,DN14,2014,sparse,34,34194,RIL_007,unknown,7.60546089535131,37.2661813035305,NA
807,DN14,2014,sparse,34,34195,RIL_123,unknown,5.57464974228183,NA,NA
808,DN14,2014,sparse,34,34196,B100,unknown,6.03179490324663,49.4353598141974,NA
809,DN14,2014,sparse,34,34197,RIL_138,unknown,5.94810027965619,36.4653172586836,NA
810,DN14,2014,sparse,34,34198,RIL_072,unknown,4.76703326544173,NA,NA
811,DN14,2014,sparse,34,34199,RIL_066,unknown,7.1394109007022,42.7062386256028,NA
812,DN14,2014,sparse,34,34200,RIL_058,unknown,6.66526551910759,47.2031779825232,NA
813,DN14,2014,sparse,34,34201,B100,unknown,6.03179490324663,49.4353598141974,NA
814,DN14,2014,sparse,34,34202,RIL_036,unknown,8.29239280690669,41.2922445607979,NA
815,DN14,2014,sparse,34,34203,RIL_035,unknown,5.56598417550635,42.3158199651879,NA
816,DN14,2014,sparse,34,34204,A10,unknown,7.30712495723954,19.0124239748743,NA
817,DN14,2014,sparse,34,34205,RIL_069,unknown,8.16576107456252,45.2276617452337,NA
818,DN14,2014,sparse,34,34206,RIL_094,unknown,8.00914476062168,53.2091689109539,NA
819,DN14,2014,sparse,34,34207,RIL_107,unknown,12.8624415160091,50.3119271983754,NA
820,DN14,2014,sparse,34,34208,RIL_121,unknown,7.12132065322448,41.2725501765339,NA
821,DN14,2014,sparse,34,34209,RIL_169,unknown,5.38969957403168,35.0262021530648,NA
822,DN14,2014,sparse,34,34210,RIL_208,unknown,8.52541780423125,49.768733644309,NA
